Id, titre, description, service, date
1, Incident 1, Description 1, Service A, 2022-07-15
2, Incident 2, Description 2, Service B, 2023-07-16
3, Incident 3, Description 3, Service A, 2023-07-17
4, Incident 4, Description 4, Service C, 2022-07-18
5, Incident 5, Description 5, Service B, 2023-07-19
6, Incident 6, Description 6, Service A, 2022-07-20
7, Incident 7, Description 7, Service B, 2022-07-15
8, Incident 8, Description 8, Service C, 2022-07-16
9, Incident 9, Description 9, Service A, 2022-07-17
10, Incident 10, Description 10, Service B, 2022-07-18